code,system
14A3.00,readv2
14A4.00,readv2
14AH.00,readv2
G305.00,readv2
4109H,oxmis
4119N,oxmis
G30..00,readv2
G30..15,readv2
G300.00,readv2
G301000,readv2
G302.00,readv2
G307000,readv2
G309.00,readv2
G30B.00,readv2
G30z.00,readv2
4100NA,oxmis
4109NA,oxmis
G30..11,readv2
G30..14,readv2
4109NH,oxmis
429 AH,oxmis
G30..12,readv2
G30..16,readv2
4109CL,oxmis
4109CR,oxmis
4109NC,oxmis
G30..13,readv2
G363.00,readv2
G364.00,readv2
G365.00,readv2
G30..17,readv2
G301.00,readv2
G301100,readv2
G30y200,readv2
G301z00,readv2
G350.00,readv2
G380.00,readv2
G303.00,readv2
G304.00,readv2
G306.00,readv2
G33z500,readv2
G501.00,readv2
G307.00,readv2
G384.00,readv2
G307100,readv2
G30X000,readv2
G308.00,readv2
G351.00,readv2
G381.00,readv2
G30X.00,readv2
G35X.00,readv2
G383.00,readv2
G38z.00,readv2
Gyu3400,readv2
Gyu3600,readv2
G30y.00,readv2
G30yz00,readv2
G30y000,readv2
G30y100,readv2
G310.00,readv2
G32..00,readv2
4109HE,oxmis
4129TH,oxmis
G35..00,readv2
G353.00,readv2
Gyu3500,readv2
G36..00,readv2
G360.00,readv2
G361.00,readv2
G362.00,readv2
G366.00,readv2
Gyu3100,readv2
G37..00,readv2
G38..00,readv2
G382.00,readv2
4100N,oxmis
4100T,oxmis
4109CA,oxmis
4109N,oxmis
4109TC,oxmis
4109TE,oxmis
4109TL,oxmis
4109TM,oxmis
4129B,oxmis
4129T,oxmis